"Test","Proportion","successes","CI Low","CI High","p-value","sample_size","HT"
"Eval Progress Outlook","0.774193548387097","24","0.617389769083018","1","0.001663446","31","greater"
"Eval Student Potential","0.787878787878788","26","0.63823573377137","1","0.0006593636","33","greater"
"Eval Privileged School Potential","0.454545454545455","15","0.304909579728731","1","0.7565749","33","greater"
"Eval Privileged Family Potential","0.939393939393939","31","0.821265712402502","1","0.00000006542541","33","greater"
"Eval School Underprivileged","0.666666666666667","22","0.509144095229815","1","0.04007166","33","greater"
"Eval Student Racial Diversity","1","33","0.913218810708525","1","0.0000000001164153","33","greater"
"Eval Student Economical Diversity","0.96969696969697","32","0.864149353201452","1","0.000000003958121","33","greater"
"Eval Student Gaps","1","33","0.913218810708525","1","0.0000000001164153","33","greater"
