"Test","Proportion","Std.Error","CI Low","CI High","p-value","sample_size"
"Eval Progress Outlook","0.774193548387097","0.0765828137529949","0.624094","0.924293","0.0006734979","31"
"Eval Student Potential","0.787878787878788","0.0719684620719026","0.646823","0.928934","0.0002544832","33"
"Eval Privileged School Potential","0.454545454545455","0.0876500538223291","0.282755","0.626336","0.3011304","33"
"Eval Privileged Family Potential","0.939393939393939","0.0406316276572904","0.859757","1.01903","0.00000006625511","33"
"Eval School Underprivileged","0.666666666666667","0.0864110844005533","0.497304","0.836029","0.02785817","33"
"Eval Student Racial Diversity","1","0","1","1","0.000000004461489","33"
"Eval Student Economical Diversity","0.96969696969697","0.028292430412452","0.914245","1.025149","0.00000007834896","33"
"Eval Student Gaps","1","0","1","1","0.000000003840814","33"
